Vsd_V,I_tol_A,I_seq_A,I_cot_A
0.000000e+00,-0.000000e+00,-0.000000e+00,-0.000000e+00
3.000000e-03,1.620441e-13,6.375354e-18,1.620378e-13
6.000000e-03,3.240829e-13,6.577425e-18,3.240763e-13
9.000000e-03,4.861231e-13,6.580679e-18,4.861166e-13
1.200000e-02,6.481658e-13,6.580731e-18,6.481592e-13
1.500000e-02,8.102117e-13,6.580731e-18,8.102051e-13
1.800000e-02,9.722617e-13,6.580731e-18,9.722551e-13
2.100000e-02,1.134317e-12,6.580731e-18,1.134310e-12
2.400000e-02,1.296377e-12,6.580731e-18,1.296371e-12
2.700000e-02,1.458444e-12,6.580731e-18,1.458438e-12
3.000000e-02,1.620519e-12,6.580731e-18,1.620512e-12
3.300000e-02,1.782601e-12,6.580731e-18,1.782595e-12
3.600000e-02,1.944693e-12,6.580731e-18,1.944686e-12
3.900000e-02,2.106794e-12,6.580731e-18,2.106787e-12
4.200000e-02,2.268906e-12,6.580731e-18,2.268899e-12
4.500000e-02,2.431029e-12,6.580731e-18,2.431023e-12
4.800000e-02,2.593165e-12,6.580731e-18,2.593158e-12
5.100000e-02,2.755313e-12,6.580731e-18,2.755307e-12
5.400000e-02,2.917476e-12,6.580731e-18,2.917469e-12
5.700000e-02,3.079653e-12,6.580731e-18,3.079646e-12
6.000000e-02,3.241846e-12,6.580731e-18,3.241839e-12
6.300000e-02,3.404054e-12,6.580731e-18,3.404048e-12
6.600000e-02,3.566280e-12,6.580732e-18,3.566274e-12
6.900000e-02,3.728525e-12,6.582363e-18,3.728519e-12
7.200000e-02,3.891514e-12,8.392729e-18,3.891506e-12
7.500000e-02,4.075567e-12,1.361931e-16,4.075431e-12
7.800000e-02,4.273612e-12,6.744086e-16,4.272937e-12
8.100000e-02,4.474425e-12,1.716229e-15,4.472708e-12
8.400000e-02,4.677889e-12,3.334009e-15,4.674555e-12
8.700000e-02,4.883964e-12,5.578997e-15,4.878385e-12
9.000000e-02,5.092597e-12,8.485391e-15,5.084112e-12
9.300000e-02,5.303729e-12,1.207416e-14,5.291655e-12
9.600000e-02,5.517298e-12,1.635606e-14,5.500942e-12
9.900000e-02,5.733237e-12,2.133398e-14,5.711903e-12
1.020000e-01,5.951480e-12,2.700479e-14,5.924475e-12
1.050000e-01,6.171959e-12,3.336086e-14,6.138599e-12
1.080000e-01,6.394611e-12,4.039118e-14,6.354220e-12
1.110000e-01,6.619371e-12,4.808233e-14,6.571288e-12
1.140000e-01,6.846177e-12,5.641921e-14,6.789757e-12
1.170000e-01,7.074971e-12,6.538570e-14,7.009585e-12
1.200000e-01,7.305697e-12,7.496516e-14,7.230732e-12
1.230000e-01,7.538304e-12,8.514098e-14,7.453163e-12
1.260000e-01,7.772746e-12,9.589710e-14,7.676849e-12
1.290000e-01,8.008982e-12,1.072187e-13,7.901763e-12
1.320000e-01,8.246982e-12,1.190935e-13,8.127888e-12
1.350000e-01,8.486735e-12,1.315147e-13,8.355220e-12
1.380000e-01,8.728299e-12,1.445143e-13,8.583785e-12
1.410000e-01,8.973881e-12,1.599759e-13,8.813905e-12
1.440000e-01,9.380322e-12,3.207825e-13,9.059539e-12
1.470000e-01,1.485246e-11,5.501520e-12,9.350941e-12
1.500000e-01,1.742588e-11,7.806324e-12,9.619559e-12
1.530000e-01,1.822677e-11,8.345841e-12,9.880925e-12
1.560000e-01,1.898806e-11,8.853621e-12,1.013444e-11
1.590000e-01,1.974986e-11,9.362555e-12,1.038730e-11
1.620000e-01,2.051300e-11,9.872269e-12,1.064073e-11
1.650000e-01,2.127737e-11,1.038229e-11,1.089508e-11
1.680000e-01,2.204274e-11,1.089228e-11,1.115046e-11
1.710000e-01,2.280889e-11,1.140196e-11,1.140693e-11
1.740000e-01,2.357561e-11,1.191111e-11,1.166450e-11
1.770000e-01,2.434270e-11,1.241952e-11,1.192318e-11
1.800000e-01,2.510998e-11,1.292701e-11,1.218297e-11
1.830000e-01,2.587730e-11,1.343342e-11,1.244388e-11
1.860000e-01,2.664451e-11,1.393862e-11,1.270589e-11
1.890000e-01,2.741149e-11,1.444246e-11,1.296902e-11
1.920000e-01,2.817812e-11,1.494485e-11,1.323327e-11
1.950000e-01,2.894432e-11,1.544567e-11,1.349864e-11
1.980000e-01,2.970999e-11,1.594484e-11,1.376515e-11
2.010000e-01,3.047507e-11,1.644228e-11,1.403279e-11
2.040000e-01,3.123949e-11,1.693791e-11,1.430158e-11
2.070000e-01,3.200321e-11,1.743167e-11,1.457154e-11
2.100000e-01,3.276618e-11,1.792350e-11,1.484269e-11
2.130000e-01,3.352837e-11,1.841333e-11,1.511504e-11
2.160000e-01,3.428977e-11,1.890115e-11,1.538862e-11
2.190000e-01,3.390035e-11,1.836179e-11,1.553856e-11
2.220000e-01,3.586428e-11,1.992008e-11,1.594420e-11
2.250000e-01,3.667777e-11,2.045140e-11,1.622637e-11
2.280000e-01,3.749083e-11,2.098080e-11,1.651003e-11
2.310000e-01,3.830344e-11,2.150820e-11,1.679524e-11
2.340000e-01,3.911562e-11,2.203356e-11,1.708206e-11
2.370000e-01,3.992740e-11,2.255682e-11,1.737058e-11
2.400000e-01,4.073881e-11,2.307791e-11,1.766089e-11
2.430000e-01,4.154990e-11,2.359678e-11,1.795311e-11
2.460000e-01,4.236073e-11,2.411335e-11,1.824738e-11
2.490000e-01,4.317139e-11,2.462752e-11,1.854387e-11
2.520000e-01,4.398198e-11,2.513918e-11,1.884279e-11
2.550000e-01,4.479262e-11,2.564820e-11,1.914442e-11
2.580000e-01,4.560349e-11,2.615439e-11,1.944910e-11
2.610000e-01,4.641479e-11,2.665750e-11,1.975729e-11
2.640000e-01,4.722681e-11,2.715718e-11,2.006963e-11
2.670000e-01,4.803991e-11,2.765292e-11,2.038699e-11
2.700000e-01,4.885462e-11,2.814395e-11,2.071067e-11
2.730000e-01,4.967172e-11,2.862903e-11,2.104268e-11
2.760000e-01,5.049242e-11,2.910603e-11,2.138639e-11
2.790000e-01,5.131882e-11,2.957087e-11,2.174795e-11
2.820000e-01,5.215513e-11,3.001460e-11,2.214053e-11
2.850000e-01,5.301738e-11,3.041680e-11,2.260058e-11
2.880000e-01,5.431106e-11,3.100464e-11,2.330641e-11
2.910000e-01,7.351565e-11,4.789120e-11,2.562445e-11
2.940000e-01,1.347111e-10,1.141342e-10,2.057685e-11
2.970000e-01,1.399878e-10,1.166896e-10,2.329814e-11
3.000000e-01,1.415110e-10,1.173782e-10,2.413273e-11
3.030000e-01,1.430434e-10,1.184493e-10,2.459417e-11
3.060000e-01,1.445918e-10,1.196336e-10,2.495822e-11
3.090000e-01,1.461428e-10,1.208572e-10,2.528565e-11
3.120000e-01,1.476916e-10,1.220945e-10,2.559711e-11
3.150000e-01,1.492359e-10,1.233346e-10,2.590137e-11
3.180000e-01,1.507747e-10,1.245720e-10,2.620268e-11
3.210000e-01,1.523078e-10,1.258044e-10,2.650340e-11
3.240000e-01,1.538346e-10,1.270298e-10,2.680476e-11
3.270000e-01,1.553551e-10,1.282475e-10,2.710760e-11
3.300000e-01,1.568693e-10,1.294568e-10,2.741244e-11
3.330000e-01,1.583771e-10,1.306575e-10,2.771963e-11
3.360000e-01,1.598786e-10,1.318491e-10,2.802947e-11
3.390000e-01,1.613739e-10,1.330317e-10,2.834218e-11
3.420000e-01,1.628632e-10,1.342052e-10,2.865798e-11
3.450000e-01,1.643462e-10,1.353692e-10,2.897701e-11
3.480000e-01,1.658230e-10,1.365235e-10,2.929945e-11
3.510000e-01,1.672940e-10,1.376684e-10,2.962556e-11
3.540000e-01,1.687589e-10,1.388034e-10,2.995548e-11
3.570000e-01,1.702175e-10,1.399281e-10,3.028942e-11
3.600000e-01,1.716701e-10,1.410425e-10,3.062764e-11
3.630000e-01,1.731171e-10,1.421466e-10,3.097052e-11
3.660000e-01,1.745587e-10,1.432404e-10,3.131831e-11
3.690000e-01,1.759959e-10,1.443244e-10,3.167146e-11
3.720000e-01,1.774272e-10,1.453968e-10,3.203036e-11
3.750000e-01,1.788516e-10,1.464563e-10,3.239535e-11
3.780000e-01,1.802697e-10,1.475026e-10,3.276711e-11
3.810000e-01,1.816811e-10,1.485348e-10,3.314630e-11
3.840000e-01,1.830851e-10,1.495514e-10,3.353366e-11
3.870000e-01,1.844813e-10,1.505511e-10,3.393013e-11
3.900000e-01,1.858696e-10,1.515326e-10,3.433700e-11
3.930000e-01,1.872488e-10,1.524932e-10,3.475555e-11
3.960000e-01,1.886183e-10,1.534306e-10,3.518768e-11
3.990000e-01,1.899766e-10,1.543410e-10,3.563559e-11
4.020000e-01,1.913218e-10,1.552196e-10,3.610217e-11
4.050000e-01,1.926518e-10,1.560604e-10,3.659133e-11
4.080000e-01,1.939635e-10,1.568551e-10,3.710834e-11
4.110000e-01,1.952516e-10,1.575912e-10,3.766041e-11
4.140000e-01,1.965097e-10,1.582515e-10,3.825823e-11
4.170000e-01,1.977266e-10,1.588087e-10,3.891788e-11
4.200000e-01,1.988843e-10,1.592190e-10,3.966531e-11
4.230000e-01,1.999510e-10,1.594052e-10,4.054571e-11
4.260000e-01,2.008634e-10,1.592164e-10,4.164695e-11
4.290000e-01,2.014739e-10,1.583023e-10,4.317159e-11
4.320000e-01,2.013799e-10,1.556143e-10,4.576554e-11
4.350000e-01,2.026993e-10,1.496025e-10,5.309678e-11
4.380000e-01,3.533023e-10,3.013107e-10,5.199157e-11
4.410000e-01,5.363678e-10,5.199370e-10,1.643078e-11
4.440000e-01,5.123992e-10,4.742247e-10,3.817446e-11
4.470000e-01,5.079643e-10,4.647724e-10,4.319191e-11
4.500000e-01,5.075059e-10,4.621650e-10,4.534089e-11
4.530000e-01,5.083401e-10,4.617599e-10,4.658024e-11
4.560000e-01,5.097423e-10,4.623188e-10,4.742359e-11
4.590000e-01,5.114283e-10,4.633636e-10,4.806470e-11
4.620000e-01,5.132789e-10,4.646851e-10,4.859382e-11
4.650000e-01,5.152233e-10,4.661663e-10,4.905702e-11
4.680000e-01,5.172215e-10,4.677410e-10,4.948046e-11
4.710000e-01,5.192458e-10,4.693662e-10,4.987962e-11
4.740000e-01,5.212986e-10,4.710323e-10,5.026635e-11
4.770000e-01,5.233451e-10,4.727001e-10,5.064504e-11
4.800000e-01,5.253967e-10,4.743745e-10,5.102223e-11
4.830000e-01,5.274320e-10,4.760322e-10,5.139981e-11
4.860000e-01,5.294585e-10,4.776770e-10,5.178149e-11
4.890000e-01,5.314832e-10,4.793128e-10,5.217035e-11
4.920000e-01,5.334776e-10,4.809120e-10,5.256561e-11
4.950000e-01,5.354521e-10,4.824820e-10,5.297002e-11
4.980000e-01,5.374076e-10,4.840223e-10,5.338530e-11
5.010000e-01,5.393390e-10,4.855265e-10,5.381246e-11
5.040000e-01,5.412383e-10,4.869860e-10,5.425230e-11
5.070000e-01,5.431121e-10,4.884050e-10,5.470709e-11
5.100000e-01,5.449466e-10,4.897694e-10,5.517718e-11
5.130000e-01,5.467415e-10,4.910770e-10,5.566445e-11
5.160000e-01,5.484981e-10,4.923269e-10,5.617117e-11
5.190000e-01,5.502123e-10,4.935129e-10,5.669936e-11
5.220000e-01,5.518782e-10,4.946270e-10,5.725124e-11
5.250000e-01,5.534749e-10,4.956470e-10,5.782792e-11
5.280000e-01,5.550143e-10,4.965798e-10,5.843451e-11
5.310000e-01,5.564855e-10,4.974110e-10,5.907454e-11
5.340000e-01,5.578696e-10,4.981180e-10,5.975163e-11
5.370000e-01,5.591635e-10,4.986911e-10,6.047238e-11
5.400000e-01,5.603447e-10,4.991018e-10,6.124297e-11
5.430000e-01,5.613741e-10,4.993041e-10,6.206993e-11
5.460000e-01,5.622776e-10,4.993075e-10,6.297011e-11
5.490000e-01,5.629607e-10,4.990095e-10,6.395126e-11
5.520000e-01,5.634186e-10,4.983813e-10,6.503724e-11
5.550000e-01,5.635797e-10,4.973261e-10,6.625361e-11
5.580000e-01,5.633384e-10,4.957026e-10,6.763583e-11
5.610000e-01,5.625677e-10,4.933284e-10,6.923928e-11
5.640000e-01,5.610721e-10,4.899228e-10,7.114931e-11
5.670000e-01,5.584971e-10,4.849961e-10,7.350104e-11
5.700000e-01,5.542539e-10,4.777155e-10,7.653842e-11
5.730000e-01,5.471517e-10,4.664088e-10,8.074291e-11
5.760000e-01,5.343330e-10,4.470688e-10,8.726425e-11
5.790000e-01,5.067261e-10,4.066755e-10,1.000506e-10
5.820000e-01,4.584215e-10,3.227966e-10,1.356250e-10
5.850000e-01,4.524808e-13,4.356749e-13,1.680581e-14
5.880000e-01,1.541260e-09,1.606513e-09,-6.525302e-11
5.910000e-01,1.231891e-09,1.203710e-09,2.818162e-11
5.940000e-01,1.165201e-09,1.116489e-09,4.871179e-11
5.970000e-01,1.136975e-09,1.079410e-09,5.756502e-11
6.000000e-01,1.121991e-09,1.059533e-09,6.245771e-11
